,FIPS,Name,State,Latitudes,Longitudes
0,10001,Kent,DE,39.1440612,-75.4344727
1,10003,New Castle,DE,39.6620397,-75.5668166
2,10005,Sussex,DE,38.65308410000001,-75.4344727
3,11001,Washington,DC,38.9071923,-77.0368707
4,12001,Alachua,FL,29.7938144,-82.49442260000001
5,12005,Bay,FL,30.1805306,-85.684578
6,12007,Bradford,FL,29.97238179999999,-82.1713632
7,12009,Brevard,FL,28.263933,-80.7214417
8,12011,Broward,FL,26.190096,-80.365865
9,12015,Charlotte,FL,26.8946009,-81.909826
10,12017,Citrus,FL,28.8848842,-82.5185837
11,12019,Clay,FL,29.9943564,-81.77870209999999
12,12021,Collier,FL,26.069985,-81.42789839999999
13,12023,Columbia,FL,30.1812696,-82.605118
14,12027,De Soto,FL,27.2142078,-81.77870209999999
15,12031,Duval,FL,30.3500511,-81.6035062
16,12033,Escambia,FL,30.6389408,-87.3413599
17,12035,Flagler,FL,29.4086072,-81.2518833
18,12039,Gadsden,FL,30.5562947,-84.6479124
19,12043,Glades,FL,26.984415,-81.0754657
20,12045,Gulf,FL,29.8001623,-85.35496499999999
21,12053,Hernando,FL,28.8999815,-82.37454009999999
22,12055,Highlands,FL,27.3400286,-81.34002679999999
23,12057,Hillsborough,FL,27.9903597,-82.3017728
24,12061,Indian River,FL,27.6947732,-80.54384499999999
25,12063,Jackson,FL,30.3321838,-81.65565099999999
26,12067,Lafayette,FL,30.0299573,-83.2077645
27,12069,Lake,FL,28.702847,-81.77870209999999
28,12071,Lee,FL,30.4196584,-83.30042159999999
29,12073,Leon,FL,30.4906177,-84.1857115
30,12075,Levy,FL,29.3178545,-82.82097399999999
31,12079,Madison,FL,30.4693772,-83.41292539999999
32,12081,Manatee,FL,27.4799195,-82.34518899999999
33,12083,Marion,FL,29.2787765,-82.12783999999999
34,12085,Martin,FL,27.0804935,-80.4103957
35,12086,Miami-Dade,FL,25.5516034,-80.6326916
36,12087,Monroe,FL,24.5557001,-81.78259849999999
37,12089,Nassau,FL,30.5927334,-81.8224362
38,12091,Okaloosa,FL,30.57734009999999,-86.6611083
39,12093,Okeechobee,FL,27.2439349,-80.82978279999999
40,12095,Orange,FL,28.9488761,-81.2986741
41,12097,Osceola,FL,28.1019838,-81.0754657
42,12099,Palm Beach,FL,26.7056206,-80.0364297
43,12101,Pasco,FL,28.3232418,-82.4319405
44,12103,Pinellas,FL,27.876394,-82.7778579
45,12105,Polk,FL,27.8617347,-81.6911559
46,12107,Putnam,FL,29.6265157,-81.77870209999999
47,12109,St Johns,FL,30.0820653,-81.5471201
48,12111,St Lucie,FL,27.499208,-80.34219840000002
49,12113,Santa Rosa,FL,30.3960324,-86.2288322
50,12115,Sarasota,FL,27.3364347,-82.53065269999999
51,12117,Seminole,FL,27.8397466,-82.79121339999999
52,12119,Sumter,FL,28.6747526,-82.08429009999999
53,12125,Union,FL,30.0745112,-82.34518899999999
54,12127,Volusia,FL,29.0279842,-81.0754657
55,12131,Walton,FL,30.56401989999999,-86.17517590000001
56,13013,Barrow,GA,34.0142667,-83.6986568
57,13015,Bartow,GA,34.2660473,-84.8150781
58,13021,Bibb,GA,32.7865735,-83.7199136
59,13023,Bleckley,GA,32.4087854,-83.3789389
60,13027,Brooks,GA,33.2909517,-84.45936999999999
61,13029,Bryan,GA,32.0236584,-81.47183869999999
62,13031,Bulloch,GA,32.3595678,-81.77870209999999
63,13047,Catoosa,GA,34.8981727,-85.14793639999999
64,13051,Chatham,GA,31.9994194,-81.1196075
65,13053,Chattahoochee,GA,33.5479728,-84.76306819999999
66,13057,Cherokee,GA,34.2514526,-84.4802606
67,13059,Clarke,GA,33.9519347,-83.357567
68,13063,Clayton,GA,34.8781479,-83.4009933
69,13067,Cobb,GA,31.9590772,-83.9884612
70,13073,Columbia,GA,33.5098514,-82.25832969999999
71,13077,Coweta,GA,33.3716708,-84.7315563
72,13083,Dade,GA,34.9109017,-85.47880649999999
73,13085,Dawson,GA,31.7735001,-84.4465826
74,13089,De Kalb,GA,33.7956441,-84.2278796
75,13095,Dougherty,GA,31.5439375,-84.2278796
76,13097,Douglas,GA,31.5088073,-82.8498654
77,13101,Echols,GA,30.7503289,-82.95015579999999
78,13105,Elbert,GA,34.0795372,-82.8640623
79,13111,Fannin,GA,34.8580405,-84.2278796
80,13113,Fayette,GA,33.4502206,-84.4802606
81,13115,Floyd,GA,34.2828967,-85.2308414
82,13117,Forsyth,GA,33.0342974,-83.938242
83,13119,Franklin,GA,33.2776182,-85.0979973
84,13121,Fulton,GA,33.8033965,-84.3962535
85,13127,Glynn,GA,31.2624169,-81.6035062
86,13129,Gordon,GA,32.8820866,-83.3323848
87,13131,Grady,GA,30.9050079,-84.2278796
88,13135,Gwinnett,GA,33.9190653,-84.01674229999999
89,13137,Habersham,GA,34.6478893,-83.54965659999999
90,13139,Hall,GA,34.30778,-83.804868
91,13147,Hart,GA,34.3500039,-82.95015579999999
92,13149,Heard,GA,33.2990406,-85.14793639999999
93,13151,Henry,GA,33.4347963,-84.14351359999999
94,13153,Houston,GA,32.4219655,-83.63484299999999
95,13171,Lamar,GA,33.0765883,-84.14351359999999
96,13175,Laurens,GA,32.433014,-82.99316069999999
97,13177,Lee,GA,31.8128435,-84.14351359999999
98,13179,Liberty,GA,31.842969,-81.47183869999999
99,13185,Lowndes,GA,30.8600022,-83.2934086
100,13207,Monroe,GA,33.7948364,-83.713229
101,13211,Morgan,GA,31.5376731,-84.5993601
102,13213,Murray,GA,34.7928029,-84.7315563
103,13215,Muscogee,GA,32.4794133,-84.8984775
104,13217,Newton,GA,31.3129575,-84.3357424
105,13223,Paulding,GA,33.9142037,-84.8984775
106,13225,Peach,GA,32.5892926,-83.8260884
107,13229,Pierce,GA,31.343806,-82.1713632
108,13245,Richmond,GA,33.3205339,-82.08429009999999
109,13247,Rockdale,GA,33.6752492,-84.0378894
110,13255,Spalding,GA,33.2636732,-84.3121264
111,13285,Troup,GA,33.0698575,-85.02334599999999
112,13289,Twiggs,GA,32.68356,-83.46435509999999
113,13297,Walton,GA,33.7708613,-83.7199136
114,13299,Ware,GA,31.134411,-82.4752757
115,13303,Washington,GA,33.7367948,-82.7393089
116,13313,Whitfield,GA,34.8033566,-84.981754
117,15001,Hawaii,HI,19.8967662,-155.5827818
118,15003,Honolulu,HI,21.3069444,-157.8583333
119,15009,Maui,HI,20.7983626,-156.3319253
120,16001,Ada,ID,43.478767,-116.2420304
121,16013,Blaine,ID,43.4743428,-113.9664446
122,16027,Canyon,ID,43.67795810000001,-116.6865435
123,16053,Jerome,ID,42.7240732,-114.5186534
124,16055,Kootenai,ID,48.3102037,-116.5135257
125,16065,Madison,ID,43.7508332,-111.5583742
126,16069,Nez Perce,ID,46.2348914,-116.2406975
127,17019,Champaign,IL,40.1164204,-88.2433829
128,17029,Coles,IL,39.5560011,-88.24611829999999
129,17031,Cook,IL,41.7376587,-87.697554
130,17035,Cumberland,IL,39.2653533,-88.2071598
131,17037,De Kalb,IL,41.9294736,-88.75036469999999
132,17041,Douglas,IL,38.422771,-89.97888999999999
133,17043,Du Page,IL,41.8243831,-88.0900762
134,17049,Effingham,IL,39.1200418,-88.5433829
135,17055,Franklin,IL,39.6203259,-90.04400009999999
136,17063,Grundy,IL,41.3500531,-88.4016041
137,17073,Henry,IL,41.1114249,-89.35647759999999
138,17077,Jackson,IL,37.7218304,-89.3226954
139,17081,Jefferson,IL,38.2267348,-88.86469799999999
140,17083,Jersey,IL,39.0704754,-90.37483540000001
141,17089,Kane,IL,39.190047,-90.35372699999999
142,17093,Kendall,IL,41.5507043,-88.4403883
143,17097,Lake,IL,42.3689363,-87.8271534
144,17099,La Salle,IL,41.3621503,-89.0418249
145,17103,Lee,IL,41.7950293,-88.9414786
146,17111,McHenry,IL,42.333355,-88.2667534
147,17115,Macon,IL,39.7128155,-88.9970218
148,17119,Madison,IL,38.6825502,-90.1570536
149,17141,Ogle,IL,41.9969811,-89.3226954
150,17161,Rock Island,IL,41.5094771,-90.5787476
151,17163,St Clair,IL,38.40081199999999,-89.9253233
152,17173,Shelby,IL,39.3980704,-88.86469799999999
153,17179,Tazewell,IL,40.5522078,-89.4742177
154,17183,Vermilion,IL,40.122469,-87.697554
155,17191,Wayne,IL,41.9508336,-88.242369
156,17193,White,IL,38.0501137,-88.24611829999999
157,17197,Will,IL,41.5054724,-88.0900762
158,17199,Williamson,IL,38.9856018,-89.7639829
159,17201,Winnebago,IL,42.2661311,-89.2412202
160,17203,Woodford,IL,40.7128889,-89.1705998
161,18001,Adams,IN,40.7249237,-84.8984775
162,18003,Allen,IN,41.20004840000001,-85.1958063
163,18005,Bartholomew,IN,39.206801,-85.8895551
164,18015,Carroll,IN,40.542415,-86.5400674
165,18019,Clark,IN,38.4492903,-85.7256372
166,18027,Daviess,IN,38.7020241,-87.14228949999999
167,18035,Delaware,IN,39.1478313,-85.2071816
168,18037,Dubois,IN,38.4453945,-86.8041574
169,18039,Elkhart,IN,41.6819935,-85.9766671
170,18041,Fayette,IN,39.9311099,-86.39721999999999
171,18053,Grant,IN,37.09024,-95.712891
172,18055,Greene,IN,40.4083777,-85.09996939999999
173,18057,Hamilton,IN,41.53366159999999,-84.9127396
174,18059,Hancock,IN,39.8249915,-85.84862360000001
175,18063,Hendricks,IN,39.8064942,-86.5400674
176,18065,Henry,IN,39.9704844,-85.35496499999999
177,18067,Howard,IN,40.4482767,-86.1344697
178,18073,Jasper,IN,38.3914418,-86.9311094
179,18079,Jennings,IN,38.9914998,-85.684578
180,18081,Johnson,IN,38.277823,-87.74586099999999
181,18089,Lake,IN,42.18391,-88.320894
182,18095,Madison,IN,38.7358933,-85.37995769999999
183,18097,Marion,IN,40.5583739,-85.6591442
184,18099,Marshall,IN,39.8480969,-87.18779010000002
185,18101,Martin,IN,36.3433965,-88.8503379
186,18103,Miami,IN,25.7616798,-80.1917902
187,18105,Monroe,IN,40.7450468,-84.9369111
188,18113,Noble,IN,41.4277391,-85.35496499999999
189,18119,Owen,IN,38.4581201,-85.5419048
190,18127,Porter,IN,41.6163803,-87.0747971
191,18133,Putnam,IN,39.690997,-86.8220341
192,18135,Randolph,IN,40.2661553,-84.9758004
193,18137,Ripley,IN,39.0986811,-85.2308414
194,18141,St Joseph,IN,41.6228085,-86.3376761
195,18149,Starke,IN,41.2715616,-86.6207943
196,18151,Steuben,IN,41.6115471,-84.981754
197,18157,Tippecanoe,IN,40.34697310000001,-86.8220341
198,18161,Union,IN,38.4652211,-87.4353991
199,18167,Vigo,IN,39.4165382,-87.42075179999999
200,18169,Wabash,IN,40.797821,-85.8205411
201,18173,Warrick,IN,38.0736703,-87.2618328
202,18177,Wayne,IN,39.831882,-84.981754
203,18179,Wells,IN,44.240643,-88.87020799999999
204,19011,Benton,IA,40.7033242,-94.3582909
205,19013,Black Hawk,IA,42.447804,-92.38136209999999
206,19021,Buena Vista,IA,42.6705452,-95.1432068
207,19057,Des Moines,IA,41.5868353,-93.6249593
208,19061,Dubuque,IA,42.50226610000001,-90.66546749999999
209,19087,Henry,IA,41.0283603,-91.5983959
210,19095,Iowa,IA,41.8780025,-93.097702
211,19103,Johnson,IA,41.6698982,-91.5983959
212,19113,Linn,IA,42.0659844,-91.67606909999999
213,19117,Lucas,IA,41.0274991,-93.4599348
214,19153,Polk,IA,41.6278423,-93.5003454
215,19155,Pottawattamie,IA,41.3911501,-95.4777811
216,19157,Poweshiek,IA,41.6530119,-92.539603
217,19163,Scott,IA,41.6393199,-90.6393702
218,19167,Sioux,IA,42.4963416,-96.40494079999999
219,19169,Story,IA,42.1040438,-93.5003454
220,19171,Tama,IA,41.9627392,-92.576753
221,19179,Wapello,IA,41.18141929999999,-91.1854273
222,20055,Finney,KS,38.0625252,-100.8903099
223,20069,Gray,KS,37.6840811,-100.439656
224,20091,Johnson,KS,37.5703377,-101.7506777
225,20103,Leavenworth,KS,39.3111112,-94.9224637
226,20111,Lyon,KS,38.4078037,-96.15269850000001
227,20129,Morton,KS,37.1333387,-101.7979613
228,20155,Reno,KS,37.9569553,-98.04651849999999
229,20161,Riley,KS,39.29888529999999,-96.8308436
230,20169,Saline,KS,38.8174853,-97.69822719999999
231,20173,Sedgwick,KS,37.9166784,-97.422541
232,20193,Thomas,KS,39.3702882,-101.0711758
233,21003,Allen,KY,37.6100457,-82.7279705
234,21015,Boone,KY,38.9940572,-84.7315563
235,21019,Boyd,KY,38.3833265,-82.6915429
236,21023,Bracken,KY,38.7117016,-84.05902900000001
237,21029,Bullitt,KY,37.9842107,-85.684578
238,21033,Caldwell,KY,37.1501019,-87.89424509999999
239,21035,Calloway,KY,36.6402766,-88.28504199999999
240,21047,Christian,KY,36.8410586,-87.460397
241,21049,Clark,KY,37.959945,-84.14351359999999
242,21059,Daviess,KY,37.7307984,-87.10237459999999
243,21067,Fayette,KY,38.06064780000001,-84.4802606
244,21079,Garrard,KY,37.6413234,-84.56414699999999
245,21093,Hardin,KY,36.7647773,-88.2953134
246,21095,Harlan,KY,36.8431441,-83.321848
247,21111,Jefferson,KY,38.1938097,-85.64348700000001
248,21113,Jessamine,KY,37.895573,-84.56414699999999
249,21115,Johnson,KY,37.8048335,-82.8640623
250,21117,Kenton,KY,38.9863872,-84.56414699999999
251,21121,Knox,KY,36.9260578,-83.8897057
252,21125,Laurel,KY,37.0693489,-84.1857115
253,21151,Madison,KY,37.7143001,-84.3121264
254,21157,Marshall,KY,36.8573767,-88.4016041
255,21163,Meade,KY,37.9601502,-86.21584969999999
256,21165,Menifee,KY,37.9335368,-83.63484299999999
257,21177,Muhlenberg,KY,37.17725009999999,-87.14228949999999
258,21185,Oldham,KY,38.3560025,-85.47880649999999
259,21193,Perry,KY,37.3160706,-83.2077645
260,21199,Pulaski,KY,37.0853508,-84.5222189
261,21203,Rockcastle,KY,37.3743065,-84.3121264
262,21205,Rowan,KY,38.177068,-83.46435509999999
263,21209,Scott,KY,38.3172361,-84.56414699999999
264,21217,Taylor,KY,37.332884,-85.31362179999999
265,21227,Warren,KY,36.9886043,-86.49965460000001
266,21229,Washington,KY,38.6161549,-83.80849719999999
267,21235,Whitley,KY,36.726335,-84.1857115
268,22005,Ascension,LA,30.2017295,-90.9438468
269,22017,Caddo,LA,32.7565316,-93.9737925
270,22019,Calcasieu,LA,30.2089286,-93.33889169999999
271,22025,Catahoula,LA,30.214444,-91.708889
272,22033,East Baton Rouge,LA,30.5693593,-91.09693999999999
273,22043,Grant,LA,30.7885279,-92.9484868
274,22045,Iberia,LA,29.4992629,-91.7538817
275,22051,Jefferson,LA,29.96603709999999,-90.1531298
276,22053,Jefferson Davis,LA,30.2672346,-92.8178291
277,22061,Lincoln,LA,32.598888,-92.6983868
278,22071,Orleans,LA,29.95106579999999,-90.0715323
279,22075,Plaquemines,LA,30.2890833,-91.23427439999999
280,22077,Pointe Coupee,LA,30.6102166,-91.5983959
281,22089,St Charles,LA,29.9273657,-90.3371889
282,22095,St John the Baptist,LA,30.1118331,-90.4879916
283,22099,St Martin,LA,30.2395901,-91.7538817
284,22101,St Mary,LA,29.502976,-91.44346900000001
285,22103,St Tammany,LA,30.4357418,-89.9253233
286,22105,Tangipahoa,LA,30.8760151,-90.5120391
287,22113,Vermilion,LA,29.8601413,-92.38136209999999
288,23001,Androscoggin,ME,44.19124160000001,-70.17070369999999
289,23003,Aroostook,ME,46.819941,-68.4766064
290,23005,Cumberland,ME,43.796573,-70.2585205
291,23007,Franklin,ME,44.5874877,-68.23160539999999
292,23009,Hancock,ME,44.5291357,-68.2537463
293,23011,Kennebec,ME,44.4499153,-69.7038278
294,23013,Knox,ME,44.517294,-69.21337489999999
295,23017,Oxford,ME,44.1317459,-70.4931557
296,23019,Penobscot,ME,44.4645202,-68.7111394
297,23021,Piscataquis,ME,45.70498569999999,-69.3375071
298,23023,Sagadahoc,ME,43.8171265,-69.7825531
299,23025,Somerset,ME,45.5913402,-69.9999212
300,23027,Waldo,ME,44.5125736,-69.07614830000001
301,23029,Washington,ME,44.2735583,-69.3676576
302,23031,York,ME,43.16174830000001,-70.6482581
303,24001,Allegany,MD,39.6255251,-78.6114999
304,24003,Anne Arundel,MD,38.9530109,-76.5488232
305,24005,Baltimore,MD,39.2903848,-76.6121893
306,24009,Calvert,MD,38.49495030000001,-76.5025742
307,24015,Cecil,MD,39.5739403,-75.94632399999999
308,24017,Charles,MD,38.5221781,-77.10249019999999
309,24019,Dorchester,MD,38.4152819,-76.17837390000001
310,24021,Frederick,MD,39.41426879999999,-77.4105409
311,24023,Garrett,MD,39.5681243,-79.29021329999999
312,24025,Harford,MD,39.5838964,-76.3637285
313,24027,Howard,MD,39.2873463,-76.964306
314,24029,Kent,MD,39.2713804,-76.1319953
315,24031,Montgomery,MD,39.1547426,-77.2405153
316,24033,Prince Georges,MD,38.78492110000001,-76.8720961
317,24037,St Marys,MD,38.1060259,-76.3637285
318,24039,Somerset,MD,38.9659438,-77.0960893
319,24041,Talbot,MD,38.7803973,-76.1319953
320,24043,Washington,MD,39.641762,-77.719993
321,24045,Wicomico,MD,38.3941813,-75.667356
322,24047,Worcester,MD,38.1584227,-75.4344727
323,24510,Baltimore City,MD,39.2903848,-76.6121893
324,25001,Barnstable,MA,41.7003208,-70.3002024
325,25003,Berkshire,MA,42.311782,-73.1821623
326,25005,Bristol,MA,41.7938406,-71.1448516
327,25009,Essex,MA,42.63195820000001,-70.7829315
328,25011,Franklin,MA,42.0834313,-71.396725
329,25013,Hampden,MA,42.0639841,-72.4134167
330,25015,Hampshire,MA,42.3471357,-72.6624209
331,25017,Middlesex,MA,42.467206,-71.2874209
332,25021,Norfolk,MA,42.1195426,-71.3250563
333,25023,Plymouth,MA,41.9584457,-70.6672621
334,25025,Suffolk,MA,42.3522866,-71.0504229
335,25027,Worcester,MA,42.2625932,-71.8022934
336,26005,Allegan,MI,42.5291989,-85.8553031
337,26009,Antrim,MI,44.9730441,-85.1769095
338,26017,Bay,MI,43.7109732,-84.01674229999999
339,26021,Berrien,MI,42.0320742,-86.7416374
340,26025,Calhoun,MI,42.2073905,-85.02334599999999
341,26037,Clinton,MI,42.0719866,-83.9716095
342,26047,Emmet,MI,45.6418969,-84.9769067
343,26049,Genesee,MI,43.0777289,-83.67739279999999
344,26051,Gladwin,MI,43.9808549,-84.48640069999999
345,26057,Gratiot,MI,43.2836505,-84.68974949999999
346,26059,Hillsdale,MI,41.9200472,-84.6305101
347,26065,Ingham,MI,42.6468943,-84.3542049
348,26067,Ionia,MI,42.9872547,-85.07111739999999
349,26077,Kalamazoo,MI,42.2917069,-85.5872286
350,26079,Kalkaska,MI,44.7352042,-85.18422269999999
351,26081,Kent,MI,43.0097027,-85.52002399999999
352,26087,Lapeer,MI,43.0514161,-83.31883409999999
353,26091,Lenawee,MI,41.8433859,-84.01674229999999
354,26093,Livingston,MI,42.6207951,-83.8473015
355,26099,Macomb,MI,42.6651965,-82.92864279999999
356,26101,Manistee,MI,44.2444473,-86.324253
357,26103,Marquette,MI,46.5436199,-87.3953713
358,26109,Menominee,MI,45.10776269999999,-87.6142737
359,26111,Midland,MI,43.6155825,-84.2472116
360,26115,Monroe,MI,41.9164343,-83.3977101
361,26123,Newaygo,MI,43.4197429,-85.80005059999999
362,26125,Oakland,MI,42.59219239999999,-83.33618799999999
363,26129,Ogemaw,MI,44.3270741,-84.1857115
364,26133,Osceola,MI,43.92572790000001,-85.35496499999999
365,26135,Oscoda,MI,44.42028879999999,-83.3307974
366,26137,Otsego,MI,42.4605904,-85.696406
367,26139,Ottawa,MI,42.95302299999999,-86.0937312
368,26143,Roscommon,MI,44.4983504,-84.5919682
369,26147,St Clair,MI,42.8208653,-82.486024
370,26149,St Joseph,MI,42.0938577,-86.4895463
371,26155,Shiawassee,MI,42.949754,-84.1857115
372,26157,Tuscola,MI,43.5301144,-83.5070203
373,26159,Van Buren,MI,42.2203171,-83.4838244
374,26161,Washtenaw,MI,42.3076493,-83.8473015
375,26163,Wayne,MI,42.2814269,-83.3863214
376,27003,Anoka,MN,45.1977428,-93.3871758
377,27009,Benton,MN,45.7211058,-93.9732855
378,27013,Blue Earth,MN,43.6375818,-94.10239059999999
379,27019,Carver,MN,44.76339429999999,-93.6254404
380,27035,Crow Wing,MN,46.2799671,-94.2924998
381,27037,Dakota,MN,43.91357989999999,-91.3605035
382,27041,Douglas,MN,44.1080202,-92.57379460000001
383,27047,Freeborn,MN,43.76579,-93.5641078
384,27053,Hennepin,MN,45.0208911,-93.5094574
385,27079,Le Sueur,MN,44.4598517,-93.9113634
386,27095,Mille Lacs,MN,46.2529828,-93.6605345
387,27109,Olmsted,MN,43.995179,-92.38136209999999
388,27111,Otter Tail,MN,46.51894350000001,-95.8935983
389,27131,Rice,MN,45.7529003,-94.2223283
390,27137,St Louis,MN,47.7395106,-92.3623921
391,27139,Scott,MN,44.6834072,-93.54079089999999
392,27141,Sherburne,MN,45.4644612,-93.7298983
393,27145,Stearns,MN,45.5844792,-94.5865603
394,27163,Washington,MN,44.8896877,-92.8577105
395,28003,Alcorn,MS,31.877778,-91.139167
396,28013,Calhoun,MS,33.8839218,-89.3226954
397,28021,Claiborne,MS,31.9438205,-90.9438468
398,28033,De Soto,MS,34.9065453,-89.9626799
399,28041,Greene,MS,31.1646163,-88.7108964
400,28047,Harrison,MS,30.432087,-89.0179332
401,28049,Hinds,MS,32.2648353,-90.37483540000001
402,28051,Holmes,MS,33.16886600000001,-90.0746767
403,28067,Jones,MS,31.5343241,-89.1705998
404,28073,Lamar,MS,34.9173149,-89.31785049999999
405,28081,Lee,MS,39.04965139999999,-77.0305212
406,28085,Lincoln,MS,31.5359248,-90.52578229999999
407,28087,Lowndes,MS,33.473423,-88.4403883
408,28089,Madison,MS,32.4618086,-90.1153638
409,28109,Pearl River,MS,30.3928842,-89.6734256
410,28121,Rankin,MS,32.2653668,-89.9253233
411,28129,Smith,MS,36.1918938,-115.1242646
412,28139,Tippah,MS,34.76880970000001,-88.86469799999999
413,28149,Warren,MS,32.3989469,-90.7913227
414,28151,Washington,MS,31.5787773,-91.29927839999999
415,28155,Webster,MS,33.5707456,-89.28472510000002
416,28161,Yalobusha,MS,33.9768292,-89.6759101
417,29019,Boone,MO,39.0468547,-92.38136209999999
418,29021,Buchanan,MO,39.6349791,-94.81059549999999
419,29027,Callaway,MO,38.8886044,-91.9099238
420,29029,Camden,MO,39.19723159999999,-94.02300009999999
421,29037,Cass,MO,38.6574448,-94.315422
422,29043,Christian,MO,36.99764400000001,-93.17796589999999
423,29045,Clark,MO,39.2811499,-92.34267810000001
424,29047,Clay,MO,39.3176186,-94.479976
425,29051,Cole,MO,38.5052486,-92.2630393
426,29053,Cooper,MO,38.8693247,-92.8577105
427,29061,Daviess,MO,39.9949074,-93.9878427
428,29077,Greene,MO,37.3311215,-93.5003454
429,29085,Hickory,MO,37.9747242,-93.29861059999999
430,29091,Howell,MO,38.7440518,-90.6129359
431,29095,Jackson,MO,37.3822732,-89.6662063
432,29097,Jasper,MO,37.3361642,-94.30133599999999
433,29099,Jefferson,MO,38.57670170000001,-92.1735164
434,29101,Johnson,MO,38.6744747,-93.8248241
435,29105,Laclede,MO,39.78557929999999,-93.1665932
436,29109,Lawrence,MO,37.1500679,-93.8248241
437,29127,Marion,MO,38.6908657,-92.3662985
438,29137,Monroe,MO,39.5769588,-91.7344155
439,29145,Newton,MO,36.9618494,-94.315422
440,29155,Pemiscot,MO,36.2195399,-89.81303559999999
441,29159,Pettis,MO,38.6893153,-93.33889169999999
442,29161,Phelps,MO,37.8806538,-91.7538817
443,29165,Platte,MO,39.34756489999999,-94.7691586
444,29169,Pulaski,MO,37.8727481,-92.2236667
445,29183,St Charles,MO,38.7881062,-90.4974359
446,29189,St Louis,MO,38.6270025,-90.19940419999999
447,29201,Scott,MO,37.0394443,-89.62516459999999
448,29213,Taney,MO,36.6576378,-93.0175712
449,29221,Washington,MO,38.55810719999999,-91.01208779999999
450,29225,Webster,MO,38.5925524,-90.3573389
451,29229,Wright,MO,38.8275491,-91.0201422
452,29510,St Louis City,MO,38.6270025,-90.19940419999999
453,30031,Gallatin,MT,45.5388865,-111.1194231
454,30063,Missoula,MT,46.8721284,-113.9940314
455,30111,Yellowstone,MT,44.6621493,-111.1041092
456,31039,Cuming,NE,41.95401529999999,-96.83509989999999
457,31053,Dodge,NE,41.7211147,-96.8828111
458,31055,Douglas,NE,40.5939437,-96.3877734
459,31077,Greeley,NE,41.5487118,-98.5308417
460,31081,Hamilton,NE,40.919722,-98.04651849999999
461,31101,Keith,NE,41.1815863,-101.5248055
462,31109,Lancaster,NE,40.8471492,-96.663812
463,31119,Madison,NE,41.8279842,-97.4549636
464,31153,Sarpy,NE,41.0744042,-96.19513200000002
465,31177,Washington,NE,41.3974968,-96.2080754
466,32003,Clark,NV,39.5640791,-119.4815666
467,32019,Lyon,NV,38.9524739,-119.1390642
468,32031,Washoe,NV,40.5608387,-119.6035495
469,33001,Belknap,NH,43.5024246,-71.4073938
470,33003,Carroll,NH,44.297676,-71.5427968
471,33005,Cheshire,NH,42.9259375,-72.236379
472,33007,Coos,NH,44.7288907,-71.27872669999999
473,33009,Grafton,NH,43.561127,-71.947327
474,33011,Hillsborough,NH,43.114728,-71.895049
475,33013,Merrimack,NH,42.8678693,-71.49483219999999
476,33015,Rockingham,NH,42.9931261,-71.0497768
477,33017,Strafford,NH,43.3270251,-71.184232
478,33019,Sullivan,NH,43.01313529999999,-72.2209182
479,34001,Atlantic,NJ,39.5333379,-74.6868815
480,34003,Bergen,NJ,40.9262762,-74.07701
481,34005,Burlington,NJ,40.071222,-74.86488729999999
482,34007,Camden,NJ,39.9259463,-75.1196199
483,34009,Cape May,NJ,38.9351125,-74.90600529999999
484,34011,Cumberland,NJ,39.2587106,-75.06111469999999
485,34013,Essex,NJ,40.7947466,-74.2648829
486,34015,Gloucester,NJ,39.7933809,-75.0494329
487,34017,Hudson,NJ,40.7453199,-74.05351259999999
488,34019,Hunterdon,NJ,40.56695149999999,-74.92087719999999
489,34021,Mercer,NJ,40.3028533,-74.7337069
490,34023,Middlesex,NJ,40.572603,-74.4926541
491,34025,Monmouth,NJ,40.2589455,-74.12399599999999
492,34027,Morris,NJ,40.8336038,-74.54632819999999
493,34029,Ocean,NJ,40.2479729,-74.029843
494,34031,Passaic,NJ,40.8567662,-74.1284764
495,34033,Salem,NJ,39.5717796,-75.46714229999999
496,34035,Somerset,NJ,40.497604,-74.48848679999999
497,34037,Sussex,NJ,41.20981769999999,-74.6076614
498,34039,Union,NJ,40.6975898,-74.26316349999999
499,34041,Warren,NJ,40.6342489,-74.50047959999999
500,35001,Bernalillo,NM,35.30004,-106.5511369
501,35005,Chaves,NM,33.4757392,-104.4723301
502,35006,Cibola,NM,35.0947557,-107.8583868
503,35009,Curry,NM,34.5751567,-103.2663479
504,35013,Dona Ana,NM,32.3930808,-106.8157813
505,35015,Eddy,NM,32.4170622,-104.4723301
506,35043,Sandoval,NM,35.6020667,-106.7234639
507,35049,Santa Fe,NM,35.6869752,-105.937799
508,37001,Alamance,NC,36.0117388,-79.4253776
509,37019,Brunswick,NC,34.0275398,-78.2020387
510,37021,Buncombe,NC,35.59313770000001,-82.4752757
511,37023,Burke,NC,35.7616931,-81.73494199999999
512,37025,Cabarrus,NC,35.4168123,-80.5882803
513,37031,Carteret,NC,34.9019263,-76.5488232
514,37035,Catawba,NC,35.70735579999999,-81.07563449999999
515,37045,Cleveland,NC,35.7331953,-80.6770111
516,37047,Columbus,NC,35.25316979999999,-82.1970584
517,37049,Craven,NC,35.0877672,-77.0564464
518,37051,Cumberland,NC,34.9542604,-78.74762079999999
519,37055,Dare,NC,35.6549619,-75.62080879999999
520,37057,Davidson,NC,35.4993031,-80.8486846
521,37059,Davie,NC,35.9367033,-80.5882803
522,37061,Duplin,NC,34.8840095,-78.0195387
523,37063,Durham,NC,35.9940329,-78.898619
524,37065,Edgecombe,NC,35.8840053,-77.6536125
525,37067,Forsyth,NC,36.1200003,-80.1875065
526,37069,Franklin,NC,35.1823171,-83.3815429
527,37071,Gaston,NC,36.5004281,-77.6449804
528,37077,Granville,NC,36.2799451,-78.6114999
529,37081,Guilford,NC,36.0899873,-79.8296743
530,37083,Halifax,NC,36.328486,-77.5894199
531,37085,Harnett,NC,35.35786480000001,-78.8835548
532,37091,Hertford,NC,36.1901579,-76.4660519
533,37093,Hoke,NC,35.0432488,-79.24511489999999
534,37097,Iredell,NC,35.8310501,-80.89865019999999
535,37099,Jackson,NC,36.3895976,-77.4213614
536,37101,Johnston,NC,35.4403514,-78.3842227
537,37109,Lincoln,NC,35.4637028,-81.20781640000001
538,37115,Madison,NC,36.385415,-79.959485
539,37119,Mecklenburg,NC,35.2632655,-80.8543847
540,37125,Moore,NC,35.3674493,-79.4703885
541,37127,Nash,NC,35.9597948,-77.973865
542,37129,New Hanover,NC,34.2154913,-77.88245959999999
543,37131,Northampton,NC,36.4159635,-77.4242972
544,37133,Onslow,NC,34.6540094,-77.4701972
545,37135,Orange,NC,36.0263022,-79.1096901
546,37139,Pasquotank,NC,36.2927068,-76.317414
547,37141,Pender,NC,34.5170729,-77.8367282
548,37147,Pitt,NC,35.5589221,-77.4242972
549,37151,Randolph,NC,35.7449531,-79.8296743
550,37153,Richmond,NC,35.003045,-79.7848422
551,37155,Robeson,NC,34.6383858,-79.1096901
552,37157,Rockingham,NC,34.9393201,-79.7739457
553,37159,Rowan,NC,35.6303455,-80.54384499999999
554,37161,Rutherford,NC,35.4258737,-81.909826
555,37163,Sampson,NC,34.9197548,-78.3842227
556,37165,Scotland,NC,34.8451203,-79.4703885
557,37167,Stanly,NC,35.30145540000001,-80.23213129999999
558,37169,Stokes,NC,35.7160177,-77.26580969999999
559,37171,Surry,NC,36.3743453,-80.6770787
560,37179,Union,NC,34.9338651,-80.54384499999999
561,37181,Vance,NC,36.3479057,-78.4297187
562,37183,Wake,NC,35.8031909,-78.5660852
563,37189,Watauga,NC,36.1941825,-81.73494199999999
564,37191,Wayne,NC,35.3565499,-77.973865
565,37193,Wilkes,NC,36.202858,-81.2518833
566,37195,Wilson,NC,35.7212689,-77.9155395
567,37199,Yancey,NC,35.888897,-82.34518899999999
568,38017,Cass,ND,47.071168,-97.12155790000001
569,38035,Grand Forks,ND,47.9252568,-97.0328547
570,38043,Kidder,ND,46.8766313,-99.7506856
571,38053,McKenzie,ND,46.8236143,-100.4152368
572,38093,Stutsman,ND,46.939184,-98.99091390000001
573,39003,Allen,OH,40.769946,-84.14351359999999
574,39007,Ashtabula,OH,41.8650534,-80.7898089
575,39011,Auglaize,OH,40.5781556,-84.3542049
576,39013,Belmont,OH,40.0292374,-81.0389883
577,39015,Brown,OH,38.9092089,-83.8473015
578,39017,Butler,OH,40.5883933,-82.4248862
579,39021,Champaign,OH,40.10258169999999,-83.804868
580,39023,Clark,OH,39.8912092,-83.67739279999999
581,39025,Clermont,OH,39.0928449,-84.1857115
582,39027,Clinton,OH,40.9267224,-81.63040219999999
583,39029,Columbiana,OH,40.88839309999999,-80.69396429999999
584,39033,Crawford,OH,40.8268068,-82.99316069999999
585,39035,Cuyahoga,OH,41.433923,-81.67582
586,39041,Delaware,OH,40.2986724,-83.067965
587,39043,Erie,OH,41.4349882,-82.4752757
588,39045,Fairfield,OH,39.3454673,-84.5603187
589,39049,Franklin,OH,39.5589474,-84.30410739999999
590,39051,Fulton,OH,40.4625607,-82.8287895
591,39055,Geauga,OH,41.4641521,-81.20781640000001
592,39059,Guernsey,OH,40.1817377,-81.592343
593,39061,Hamilton,OH,39.3995008,-84.5613355
594,39063,Hancock,OH,41.0273131,-83.67739279999999
595,39065,Hardin,OH,40.2864176,-84.2450844
596,39069,Henry,OH,41.3659897,-84.01674229999999
597,39073,Hocking,OH,39.4909358,-82.4752757
598,39075,Holmes,OH,40.5540928,-81.909826
599,39077,Huron,OH,41.3950489,-82.55517329999999
600,39081,Jefferson,OH,41.7386662,-80.7698066
601,39083,Knox,OH,40.459564,-82.3017728
602,39085,Lake,OH,41.981532,-81.2518833
603,39087,Lawrence,OH,40.873012,-81.5815776
604,39089,Licking,OH,40.1460895,-82.4752757
605,39093,Lorain,OH,41.452819,-82.1823746
606,39095,Lucas,OH,40.7050579,-82.4182204
607,39099,Mahoning,OH,40.9871753,-80.7214417
608,39101,Marion,OH,40.5886699,-83.1285242
609,39103,Medina,OH,41.143245,-81.8552196
610,39107,Mercer,OH,40.59405479999999,-84.68974949999999
611,39109,Miami,OH,39.5105334,-84.73087679999999
612,39111,Monroe,OH,39.44033599999999,-84.3621634
613,39113,Montgomery,OH,39.2281143,-84.35410619999999
614,39119,Muskingum,OH,39.9478393,-81.9534815
615,39123,Ottawa,OH,41.0192185,-84.0471666
616,39133,Portage,OH,41.3267189,-83.6507668
617,39135,Preble,OH,39.7778251,-84.68974949999999
618,39139,Richland,OH,40.7566723,-82.5185837
619,39143,Sandusky,OH,41.4561754,-82.71168209999999
620,39145,Scioto,OH,38.861065,-82.99316069999999
621,39147,Seneca,OH,41.1585179,-83.1649001
622,39149,Shelby,OH,40.88144519999999,-82.6618424
623,39151,Stark,OH,40.8684676,-81.2518833
624,39153,Summit,OH,41.0918991,-81.5596427
625,39155,Trumbull,OH,41.3064984,-80.7214417
626,39157,Tuscarawas,OH,40.3947887,-81.4070577
627,39159,Union,OH,39.8978327,-84.3063343
628,39165,Warren,OH,41.2375569,-80.81841659999999
629,39169,Wayne,OH,41.3014415,-83.4735393
630,39171,Williams,OH,41.55076020000001,-84.5222189
631,39173,Wood,OH,41.34784579999999,-83.67739279999999
632,40001,Adair,OK,36.4367575,-95.2713584
633,40005,Atoka,OK,34.3859257,-96.12832519999999
634,40017,Canadian,OK,35.1773201,-95.65526589999999
635,40027,Cleveland,OK,36.3100688,-96.4641886
636,40031,Comanche,OK,34.3689747,-97.96392399999999
637,40035,Craig,OK,36.7571907,-95.1432068
638,40037,Creek,OK,35.8362494,-96.3226072
639,40041,Delaware,OK,36.7786985,-95.6394227
640,40049,Garvin,OK,33.9539972,-94.9424443
641,40053,Grant,OK,33.9430894,-95.5138162
642,40077,Latimer,OK,34.835035,-95.3102505
643,40091,McIntosh,OK,35.3466151,-95.6457951
644,40109,Oklahoma,OK,35.4675602,-97.5164276
645,40119,Payne,OK,36.1449988,-97.0068393
646,40121,Pittsburg,OK,34.7131522,-95.84998979999999
647,40131,Rogers,OK,36.3898068,-95.6457951
648,40133,Seminole,OK,35.2245201,-96.67057299999999
649,40139,Texas,OK,36.8301318,-101.4339148
650,40143,Tulsa,OK,36.1539816,-95.99277500000001
651,41003,Benton,OR,44.6281686,-123.3873877
652,41007,Clatsop,OR,46.0210796,-123.7653042
653,41017,Deschutes,OR,44.1565074,-121.2555881
654,41033,Josephine,OR,42.3447572,-123.4568737
655,41039,Lane,OR,43.9610092,-122.6618227
656,41047,Marion,OR,44.7490108,-122.942314
657,41051,Multnomah,OR,45.5145659,-122.5863211
658,41059,Umatilla,OR,45.9173549,-119.3425179
659,42001,Adams,PA,40.9411749,-79.6422699
660,42003,Allegheny,PA,40.4450813,-80.0087746
661,42005,Armstrong,PA,40.8790518,-79.4703885
662,42007,Beaver,PA,40.6953437,-80.30478459999999
663,42009,Bedford,PA,40.0186921,-78.50390689999999
664,42011,Berks,PA,40.3451566,-75.9927652
665,42013,Blair,PA,40.4531318,-78.3842227
666,42015,Bradford,PA,41.9564953,-78.649163
667,42017,Bucks,PA,40.4107964,-75.2479061
668,42019,Butler,PA,40.8611755,-79.89533279999999
669,42021,Cambria,PA,40.4894231,-78.74762079999999
670,42023,Cameron,PA,41.4261564,-78.1564432
671,42025,Carbon,PA,40.901975,-75.667356
672,42027,Centre,PA,40.8765649,-77.8367282
673,42029,Chester,PA,39.849557,-75.3557457
674,42031,Clarion,PA,41.2147851,-79.3853218
675,42033,Clearfield,PA,41.0272796,-78.4391876
676,42035,Clinton,PA,40.4913949,-80.2973027
677,42037,Columbia,PA,40.0337085,-76.50440979999999
678,42039,Crawford,PA,41.6661391,-80.2767327
679,42041,Cumberland,PA,40.1299841,-77.2405153
680,42043,Dauphin,PA,40.3673093,-76.9310859
681,42045,Delaware,PA,39.907793,-75.3878525
682,42047,Elk,PA,41.4284924,-78.5660852
683,42049,Erie,PA,42.12922409999999,-80.085059
684,42051,Fayette,PA,39.9272324,-79.6502105
685,42053,Forest,PA,41.53410119999999,-79.24511489999999
686,42055,Franklin,PA,41.3978358,-79.8314437
687,42059,Greene,PA,39.8113005,-80.1875065
688,42061,Huntingdon,PA,40.48479589999999,-78.0102813
689,42063,Indiana,PA,40.6214551,-79.15253489999999
690,42065,Jefferson,PA,39.9300749,-80.0589461
691,42067,Juniata,PA,40.5521642,-77.4242972
692,42069,Lackawanna,PA,41.4421199,-75.5742467
693,42071,Lancaster,PA,40.0378755,-76.3055144
694,42073,Lawrence,PA,40.3064774,-80.128901
695,42075,Lebanon,PA,40.3409251,-76.4113497
696,42077,Lehigh,PA,40.6519679,-75.5742467
697,42079,Luzerne,PA,41.2856365,-75.9010304
698,42081,Lycoming,PA,41.2720004,-77.10249019999999
699,42083,McKean,PA,41.9968852,-80.1433144
700,42085,Mercer,PA,41.2270025,-80.2397852
701,42087,Mifflin,PA,40.5695217,-77.4027674
702,42089,Monroe,PA,41.0458376,-75.2479061
703,42091,Montgomery,PA,41.1703592,-76.8769076
704,42095,Northampton,PA,40.6862075,-75.4968501
705,42097,Northumberland,PA,40.8917519,-76.7974653
706,42099,Perry,PA,40.371376,-77.2405153
707,42101,Philadelphia,PA,39.9525839,-75.1652215
708,42103,Pike,PA,41.3361875,-75.06111469999999
709,42105,Potter,PA,41.6682559,-77.8367282
710,42107,Schuylkill,PA,40.6873058,-76.17837390000001
711,42109,Snyder,PA,40.750748,-77.0564464
712,42111,Somerset,PA,40.008411,-79.0780831
713,42113,Sullivan,PA,41.4781004,-76.5025742
714,42115,Susquehanna,PA,41.9436071,-75.5991789
715,42117,Tioga,PA,41.9086848,-77.1330265
716,42119,Union,PA,40.9894888,-77.0564464
717,42121,Venango,PA,41.7725563,-80.1131125
718,42123,Warren,PA,41.8439486,-79.1450445
719,42125,Washington,PA,40.17396,-80.2461714
720,42127,Wayne,PA,40.0415996,-75.3698895
721,42129,Westmoreland,PA,40.2353963,-79.4703885
722,42131,Wyoming,PA,41.3117471,-75.83741739999999
723,42133,York,PA,39.9625984,-76.727745
724,44001,Bristol,RI,41.6771101,-71.26620249999999
725,44003,Kent,RI,41.6579147,-71.7147951
726,44005,Newport,RI,41.4901024,-71.3128285
727,44007,Providence,RI,41.8239891,-71.4128343
728,44009,Washington,RI,41.45681130000001,-71.6673352
729,45001,Abbeville,SC,34.1781719,-82.3790147
730,45003,Aiken,SC,33.5604168,-81.7195533
731,45007,Anderson,SC,34.5034394,-82.6501332
732,45013,Beaufort,SC,32.4315813,-80.6698286
733,45015,Berkeley,SC,33.1260618,-80.0087746
734,45019,Charleston,SC,32.7764749,-79.93105120000001
735,45021,Cherokee,SC,35.0120404,-81.6035062
736,45025,Chesterfield,SC,34.7359889,-80.0881194
737,45031,Darlington,SC,34.2998762,-79.8761741
738,45033,Dillon,SC,34.4165505,-79.3711579
739,45035,Dorchester,SC,33.1680383,-80.54384499999999
740,45041,Florence,SC,34.1954331,-79.7625625
741,45043,Georgetown,SC,33.376834,-79.2944964
742,45045,Greenville,SC,34.85261759999999,-82.3940104
743,45047,Greenwood,SC,34.1954001,-82.1617883
744,45051,Horry,SC,33.9196567,-78.9288242
745,45055,Kershaw,SC,34.5518201,-80.5836836
746,45057,Lancaster,SC,34.7204257,-80.7709014
747,45059,Laurens,SC,34.4990116,-82.0142597
748,45063,Lexington,SC,33.9815369,-81.2362107
749,45069,Marlboro,SC,34.5582435,-79.6951103
750,45075,Orangeburg,SC,33.4918203,-80.8556476
751,45077,Pickens,SC,34.8834489,-82.7073573
752,45079,Richland,SC,34.0412165,-80.9428911
753,45083,Spartanburg,SC,34.9495672,-81.9320482
754,45085,Sumter,SC,33.9204354,-80.3414693
755,45091,York,SC,34.9943021,-81.24201750000002
756,46029,Codington,SD,44.9953593,-97.23487460000001
757,46035,Davison,SD,43.7242124,-98.2212979
758,46099,Minnehaha,SD,43.6631787,-96.83509989999999
759,46119,Sully,SD,44.7797647,-100.0681792
760,47003,Bedford,TN,35.4702472,-86.4592091
761,47005,Benton,TN,35.1742411,-84.6535468
762,47009,Blount,TN,35.6710541,-83.8473015
763,47011,Bradley,TN,35.1937778,-84.8567932
764,47017,Carroll,TN,35.9917193,-88.4016041
765,47019,Carter,TN,36.2638604,-82.12783999999999
766,47021,Cheatham,TN,36.184749,-87.10237459999999
767,47023,Chester,TN,35.4270939,-88.6723578
768,47025,Claiborne,TN,36.4830423,-83.63484299999999
769,47033,Crockett,TN,35.7812386,-89.1324866
770,47037,Davidson,TN,36.1342563,-86.8220341
771,47045,Dyer,TN,36.0667348,-88.99395489999999
772,47053,Gibson,TN,35.8753458,-88.846728
773,47055,Giles,TN,35.0894745,-86.9824288
774,47059,Greene,TN,36.1347943,-82.82097399999999
775,47063,Hamblen,TN,36.2054334,-83.2934086
776,47065,Hamilton,TN,35.1618966,-85.14793639999999
777,47081,Hickman,TN,36.1439464,-85.9405429
778,47093,Knox,TN,35.9874629,-83.9419784
779,47099,Lawrence,TN,35.2761735,-87.460397
780,47105,Loudon,TN,35.7328541,-84.3338112
781,47107,McMinn,TN,35.4037048,-84.6479124
782,47113,Madison,TN,36.25620019999999,-86.7143516
783,47117,Marshall,TN,35.4792517,-86.7818523
784,47123,Monroe,TN,36.4370083,-85.24246219999999
785,47125,Montgomery,TN,36.4960406,-87.460397
786,47131,Obion,TN,36.2589567,-89.19173529999999
787,47133,Overton,TN,36.3880346,-85.31362179999999
788,47145,Roane,TN,35.836117,-84.56414699999999
789,47147,Robertson,TN,36.5250666,-86.86218269999999
790,47149,Rutherford,TN,36.1275673,-88.98589880000002
791,47155,Sevier,TN,35.8271682,-83.5070203
792,47157,Shelby,TN,35.1268552,-89.9253233
793,47163,Sullivan,TN,36.4933147,-82.34518899999999
794,47165,Sumner,TN,36.4718084,-86.49965460000001
795,47167,Tipton,TN,35.5217179,-89.7379958
796,47179,Washington,TN,36.3321016,-82.5185837
797,47185,White,TN,35.9189882,-85.52002399999999
798,47187,Williamson,TN,35.9179271,-86.86218269999999
799,47189,Wilson,TN,36.1626241,-86.2970998
800,48005,Angelina,TX,31.2704698,-94.645035
801,48007,Aransas,TX,27.8339158,-97.06109939999999
802,48025,Bee,TX,28.3624206,-97.69822719999999
803,48027,Bell,TX,31.134411,-97.5247243
804,48029,Bexar,TX,29.4200763,-98.5721016
805,48037,Bowie,TX,33.5589953,-97.84864569999999
806,48041,Brazos,TX,30.6504141,-96.3226072
807,48047,Brooks,TX,27.0273057,-98.2212979
808,48059,Callahan,TX,32.2728116,-99.456155
809,48061,Cameron,TX,30.8532454,-96.9769304
810,48067,Cass,TX,33.09443420000001,-94.315422
811,48071,Chambers,TX,29.7524956,-94.6863782
812,48085,Collin,TX,33.1795213,-96.49297969999999
813,48091,Comal,TX,29.8105572,-98.2212979
814,48093,Comanche,TX,31.8973693,-98.60365809999999
815,48099,Coryell,TX,31.4774358,-97.87216
816,48113,Dallas,TX,32.7766642,-96.79698789999999
817,48121,Denton,TX,33.2148412,-97.13306829999999
818,48135,Ector,TX,33.5773281,-96.27331450000001
819,48139,Ellis,TX,32.2619765,-96.83509989999999
820,48141,El Paso,TX,31.7618778,-106.4850217
821,48157,Fort Bend,TX,29.5692614,-95.81428849999999
822,48167,Galveston,TX,29.3013479,-94.7976958
823,48181,Grayson,TX,33.7062406,-96.663812
824,48183,Gregg,TX,32.4892547,-94.8520636
825,48187,Guadalupe,TX,29.6477307,-97.87216
826,48189,Hale,TX,34.1064941,-101.8891721
827,48199,Hardin,TX,30.15243479999999,-94.73908899999999
828,48201,Harris,TX,29.7751825,-95.3102505
829,48213,Henderson,TX,32.1532156,-94.7993802
830,48215,Hidalgo,TX,26.1003547,-98.2630684
831,48245,Jefferson,TX,32.7573626,-94.34519259999999
832,48251,Johnson,TX,32.4133566,-97.35165579999999
833,48253,Jones,TX,32.7833435,-99.8124935
834,48257,Kaufman,TX,32.5890238,-96.3088693
835,48265,Kerr,TX,30.0945305,-99.456155
836,48277,Lamar,TX,28.1394565,-97.0055455
837,48285,Lavaca,TX,29.33590539999999,-96.83509989999999
838,48287,Lee,TX,30.2967161,-96.9638624
839,48291,Liberty,TX,30.057993,-94.7954783
840,48299,Llano,TX,30.75934519999999,-98.67503789999999
841,48303,Lubbock,TX,33.5778631,-101.8551665
842,48309,McLennan,TX,31.5182285,-97.179026
843,48321,Matagorda,TX,28.691133,-95.96827139999999
844,48323,Maverick,TX,28.7410473,-100.3497895
845,48325,Medina,TX,29.7972496,-99.248516
846,48329,Midland,TX,31.9973456,-102.0779146
847,48337,Montague,TX,33.6649474,-97.7205807
848,48339,Montgomery,TX,30.3882613,-95.69633549999999
849,48349,Navarro,TX,31.99849,-96.3783131
850,48355,Nueces,TX,27.7693351,-97.4814163
851,48367,Parker,TX,33.0553975,-96.6219376
852,48375,Potter,TX,35.404373,-101.9804613
853,48381,Randall,TX,34.9020377,-101.7979613
854,48389,Reeves,TX,31.4307975,-103.7289167
855,48397,Rockwall,TX,32.93123360000001,-96.4597089
856,48423,Smith,TX,32.3352505,-95.3102505
857,48427,Starr,TX,26.6215167,-98.7481167
858,48439,Tarrant,TX,32.7732044,-97.35165579999999
859,48443,Terrell,TX,32.7359626,-96.2752569
860,48451,Tom Green,TX,31.3839017,-100.439656
861,48453,Travis,TX,31.1354588,-97.0027678
862,48465,Val Verde,TX,29.8687682,-101.1617356
863,48467,Van Zandt,TX,32.4936974,-95.81428849999999
864,48473,Waller,TX,30.0566085,-95.9268986
865,48475,Ward,TX,31.5395559,-103.1279039
866,48479,Webb,TX,27.7925109,-99.4228149
867,48491,Williamson,TX,30.7591685,-97.69822719999999
868,48493,Wilson,TX,33.31703520000001,-101.7240454
869,48497,Wise,TX,33.2895861,-97.69822719999999
870,49011,Davis,UT,40.9628845,-112.0953297
871,49035,Salt Lake,UT,40.7607793,-111.8910474
872,49043,Summit,UT,37.801087,-112.9363354
873,49045,Tooele,UT,40.53077760000001,-112.29828
874,49049,Utah,UT,39.3209801,-111.0937311
875,49057,Weber,UT,41.2602635,-111.9522491
876,50001,Addison,VT,44.0886671,-73.30262200000001
877,50003,Bennington,VT,42.8781345,-73.1967741
878,50007,Chittenden,VT,43.7271064,-72.9428417
879,50009,Essex,VT,44.4905054,-73.1112433
880,50011,Franklin,VT,44.9812585,-72.91655469999999
881,50013,Grand Isle,VT,44.72254359999999,-73.2923538
882,50015,Lamoille,VT,44.64334179999999,-72.6314026
883,50017,Orange,VT,44.148376,-72.4030806
884,50019,Orleans,VT,44.8113194,-72.2025287
885,50021,Rutland,VT,43.6106237,-72.9726065
886,50023,Washington,VT,44.105619,-72.43260099999999
887,50025,Windham,VT,43.1734338,-72.7234481
888,50027,Windsor,VT,43.4799996,-72.3865679
889,51001,Accomack,VA,37.7063323,-75.8069082
890,51003,Albemarle,VA,38.0567092,-78.6114999
891,51011,Appomattox,VA,37.3570894,-78.8252911
892,51013,Arlington,VA,38.8799697,-77.1067698
893,51015,Augusta,VA,33.4653465,-82.0257304
894,51019,Bedford,VA,37.3343079,-79.52308769999999
895,51023,Botetourt,VA,37.5774613,-79.7848422
896,51025,Brunswick,VA,36.7570589,-77.8367282
897,51031,Campbell,VA,37.221014,-79.1096901
898,51035,Carroll,VA,36.6778699,-80.7214417
899,51036,Charles City,VA,37.34389060000001,-77.071268
900,51041,Chesterfield,VA,37.3770935,-77.5049863
901,51047,Culpeper,VA,38.4729632,-77.9962512
902,51057,Essex,VA,37.9671684,-76.964306
903,51059,Fairfax,VA,38.84622359999999,-77.30637329999999
904,51061,Fauquier,VA,38.7208787,-77.79097759999999
905,51067,Franklin,VA,36.6776507,-76.9224608
906,51069,Frederick,VA,39.2096441,-78.2601024
907,51073,Gloucester,VA,37.4098631,-76.52661739999999
908,51075,Goochland,VA,37.6841421,-77.885374
909,51079,Greene,VA,38.3120359,-78.4524591
910,51083,Halifax,VA,36.7659709,-78.92834409999999
911,51085,Hanover,VA,37.7665686,-77.37024439999999
912,51087,Henrico,VA,37.5059332,-77.3324425
913,51093,Isle of Wight,VA,36.9288915,-76.6874701
914,51095,James City,VA,37.3002132,-76.8028933
915,51107,Loudoun,VA,39.076767,-77.6536125
916,51109,Louisa,VA,38.0251394,-78.00416489999999
917,51121,Montgomery,VA,37.2070304,-80.4103957
918,51125,Nelson,VA,37.7478599,-78.8835548
919,51143,Pittsylvania,VA,36.7440186,-79.4703885
920,51149,Prince George,VA,37.1593052,-77.2405153
921,51153,Prince William,VA,38.7838939,-77.6077865
922,51155,Pulaski,VA,37.0478982,-80.7797935
923,51157,Rappahannock,VA,38.6762327,-78.1564432
924,51159,Richmond,VA,37.5407246,-77.4360481
925,51163,Rockbridge,VA,37.8062214,-79.5153773
926,51165,Rockingham,VA,38.5825919,-78.8835548
927,51171,Shenandoah,VA,38.4851245,-78.625016
928,51173,Smyth,VA,36.8687921,-81.5596427
929,51175,Southampton,VA,36.6788512,-77.10249019999999
930,51177,Spotsylvania,VA,38.204165,-77.6077865
931,51179,Stafford,VA,38.4220687,-77.4083086
932,51193,Westmoreland,VA,38.112732,-76.7798172
933,51197,Wythe,VA,36.9484414,-81.0848477
934,51199,York,VA,37.2103925,-76.3868797
935,51510,Alexandria City,VA,38.8048355,-77.0469214
936,51540,Charlottesville City,VA,38.0293059,-78.47667810000002
937,51550,Chesapeake City,VA,36.7682088,-76.2874927
938,51590,Danville City,VA,36.5859718,-79.39502279999999
939,51600,Fairfax City,VA,38.84622359999999,-77.30637329999999
940,51620,Franklin City,VA,36.6776507,-76.9224608
941,51640,Galax City,VA,36.6612387,-80.9239671
942,51650,Hampton City,VA,37.0298687,-76.34522179999999
943,51660,Harrisonburg City,VA,38.4495688,-78.8689155
944,51670,Hopewell City,VA,37.3043154,-77.28720009999999
945,51680,Lynchburg City,VA,37.4137536,-79.14224639999999
946,51690,Martinsville City,VA,36.6915262,-79.8725386
947,51700,Newport News City,VA,37.0870821,-76.4730122
948,51710,Norfolk City,VA,36.8507689,-76.28587259999999
949,51730,Petersburg City,VA,37.2279279,-77.40192669999999
950,51740,Portsmouth City,VA,36.8354258,-76.2982742
951,51750,Radford City,VA,37.13179239999999,-80.5764477
952,51760,Richmond City,VA,37.5407246,-77.4360481
953,51770,Roanoke City,VA,37.2709704,-79.9414266
954,51790,Staunton City,VA,38.149576,-79.0716958
955,51800,Suffolk City,VA,36.7282054,-76.5835621
956,51810,Virginia Beach City,VA,36.8529263,-75.97798499999999
957,51820,Waynesboro City,VA,38.0684692,-78.8894682
958,53007,Chelan,WA,47.8408323,-120.0168079
959,53011,Clark,WA,45.7466471,-122.5194378
960,53021,Franklin,WA,47.3009348,-121.9528898
961,53029,Island,WA,48.19765,-122.579457
962,53033,King,WA,47.5480339,-121.9836029
963,53035,Kitsap,WA,47.6476607,-122.6412583
964,53041,Lewis,WA,46.6195461,-122.4554639
965,53053,Pierce,WA,47.0675877,-122.1295269
966,53061,Snohomish,WA,47.91287560000001,-122.0981847
967,53063,Spokane,WA,47.6587802,-117.4260465
968,53067,Thurston,WA,46.8645747,-122.7695986
969,53073,Whatcom,WA,48.8787167,-121.9718658
970,54003,Berkeley,WV,39.4885604,-78.0651931
971,54021,Gilmer,WV,38.9203312,-80.8543847
972,54025,Greenbrier,WV,38.0198478,-80.54384499999999
973,54033,Harrison,WV,39.33481260000001,-80.365865
974,54037,Jefferson,WV,38.3753721,-81.7804057
975,54039,Kanawha,WV,38.2556905,-81.42789839999999
976,54049,Marion,WV,39.5288627,-80.23213129999999
977,54051,Marshall,WV,38.8248083,-81.53595729999999
978,54055,Mercer,WV,37.4322638,-81.1196075
979,54059,Mingo,WV,37.76078010000001,-82.1713632
980,54061,Monongalia,WV,39.6695849,-79.96403389999999
981,54077,Preston,WV,39.5641007,-79.6951103
982,54083,Randolph,WV,38.8092552,-80.0087746
983,54089,Summers,WV,37.5812062,-80.8543847
984,54103,Wetzel,WV,39.5655978,-80.6770787
985,54107,Wood,WV,39.2154345,-81.47183869999999
986,55021,Columbia,WI,43.40466319999999,-89.3226954
987,55025,Dane,WI,43.2505472,-89.5015088
988,55027,Dodge,WI,44.1321852,-91.5520942
989,55037,Florence,WI,45.9224168,-88.2520047
990,55039,Fond du Lac,WI,43.7730448,-88.4470508
991,55043,Grant,WI,42.9397015,-90.6773046
992,55059,Kenosha,WI,42.5847425,-87.82118539999999
993,55061,Kewaunee,WI,44.4583321,-87.50313969999999
994,55069,Lincoln,WI,44.6180518,-87.6420375
995,55071,Manitowoc,WI,44.0886059,-87.657584
996,55073,Marathon,WI,44.9064657,-89.7942892
997,55079,Milwaukee,WI,43.0389025,-87.9064736
998,55081,Monroe,WI,42.60111939999999,-89.6384532
999,55087,Outagamie,WI,44.4636545,-88.4016041
1000,55089,Ozaukee,WI,43.3819496,-87.6186379
1001,55101,Racine,WI,42.7261309,-87.78285230000002
1002,55107,Rusk,WI,45.51936490000001,-91.1563029
1003,55109,St Croix,WI,45.0497844,-92.3875695
1004,55119,Taylor,WI,44.3210709,-91.1198757
1005,55127,Walworth,WI,42.5311279,-88.5995456
1006,55129,Washburn,WI,46.6732722,-90.8949075
1007,55131,Washington,WI,45.3948295,-86.9313007
1008,55133,Waukesha,WI,43.0116784,-88.2314813
1009,55141,Wood,WI,44.4558115,-90.1682271
1010,56039,Teton,WY,43.853632,-110.6314491
1011,72005,Aguadilla,PR,18.4274454,-67.1540698
1012,72007,Aguas Buenas,PR,18.2568989,-66.1029442
1013,72013,Arecibo,PR,18.444247,-66.6464068
1014,72023,Cabo Rojo,PR,18.0875347,-67.14699639999999
1015,72037,Ceiba,PR,18.2619141,-65.64810589999999
1016,72045,Comerio,PR,18.2183658,-66.2263048
1017,72055,Guanica,PR,17.9725145,-66.9086264
1018,72071,Isabela,PR,18.4703856,-67.0242062
1019,72097,Mayaguez,PR,18.2013452,-67.1451549
1020,72099,Moca,PR,18.3946688,-67.1132356
1021,72101,Morovis,PR,18.325785,-66.4065592
1022,72113,Ponce,PR,18.0110768,-66.6140616
1023,72119,Rio Grande,PR,18.3786196,-65.83933379999999
1024,72121,Sabana Grande,PR,18.0777392,-66.9604549
1025,72123,Salinas,PR,18.0022251,-66.2605176
1026,72127,San Juan,PR,18.4655394,-66.1057355
1027,72137,Toa Baja,PR,18.4444709,-66.2543293
1028,72145,Vega Baja,PR,18.4469223,-66.3973145
1029,78010,St. Croix,VI,17.7245968,-64.83479919999999
1030,78030,St. Thomas,VI,18.3380965,-64.8940946
